forecast_made_at,actual,train_mean,persistence,seasonal_naive,moving_average,drift,ridge,gradient_boosting,lstm
2024-12-11 10:00:00,0.9541666666666666,0.8530286719981433,0.9500000000000001,0.94,0.9475,0.9525000000000002,0.947714434453887,0.9029234395993161,0.9275664027676304
2024-12-11 11:00:00,0.9566666666666667,0.8530286719981433,0.9499999999999998,0.9408333333333333,0.9485416666666666,0.9541666666666664,0.9502938080081844,0.8957278759198909,0.9281527019628315
2024-12-11 12:00:00,0.9558333333333332,0.8530286719981433,0.9508333333333333,0.94,0.9495833333333333,0.955,0.9577044692907268,0.9169570826927934,0.9288877421664987
2024-12-11 13:00:00,0.9541666666666666,0.8530286719981433,0.9525,0.94,0.9508333333333332,0.9575000000000001,0.9609869377514464,0.9039439218136613,0.929866076813967
2024-12-11 14:00:00,0.9583333333333334,0.8530286719981433,0.9541666666666666,0.9441666666666667,0.951875,0.9583333333333331,0.9611771716714623,0.8975325494848508,0.9306241047052811
2024-12-11 15:00:00,0.9525,0.8530286719981433,0.9566666666666667,0.9408333333333333,0.9535416666666666,0.9633333333333335,0.9623695216379113,0.9189063539741565,0.9313885018996422
2024-12-11 16:00:00,0.9508333333333333,0.8530286719981433,0.9558333333333332,0.945,0.9547916666666666,0.9608333333333331,0.961682634081219,0.8975325494848508,0.9319180512513242
2024-12-11 17:00:00,0.96,0.8530286719981433,0.9541666666666666,0.935,0.9552083333333332,0.9558333333333332,0.9620490216573424,0.9052471732631229,0.9323987638910645
2024-12-11 18:00:00,0.9633333333333333,0.8530286719981433,0.9583333333333334,0.9325,0.9562499999999999,0.9625000000000001,0.963963108385873,0.9087753281019416,0.9330687693075282
2024-12-11 19:00:00,0.9566666666666667,0.8530286719981433,0.9525,0.9333333333333332,0.9552083333333332,0.9483333333333334,0.9599290611675434,0.9087753281019416,0.9325752453158469
2024-12-11 20:00:00,0.9533333333333333,0.8530286719981433,0.9508333333333333,0.9333333333333332,0.9539583333333334,0.9458333333333334,0.9629766735896528,0.9080999671065735,0.9325853489057058
2024-12-11 21:00:00,0.9575,0.8530286719981433,0.96,0.9333333333333332,0.9554166666666667,0.9658333333333333,0.967602025962799,0.9112502689992674,0.9333211650650741
2024-12-11 22:00:00,0.9483333333333333,0.8530286719981433,0.9633333333333333,0.9325,0.9566666666666666,0.9683333333333332,0.9636390895033445,0.9112502689992674,0.934471179911424
2024-12-11 23:00:00,0.9508333333333333,0.8530286719981433,0.9566666666666667,0.9433333333333334,0.9577083333333334,0.9608333333333333,0.9606312157034644,0.9082454387237426,0.9347159777693961
2024-12-12 00:00:00,0.9416666666666665,0.8530286719981433,0.9533333333333333,0.9441666666666667,0.9583333333333333,0.9558333333333332,0.9670850345999455,0.9234616365775005,0.9349892111706669
2024-12-12 01:00:00,0.9341666666666667,0.8530286719981433,0.9575,0.9424999999999999,0.9577083333333333,0.9550000000000001,0.9660919412299325,0.9051184775636643,0.935507727402223
2024-12-12 02:00:00,0.935,0.8530286719981433,0.9483333333333333,0.9474999999999999,0.9539583333333332,0.9333333333333332,0.9539825491212499,0.9113970614883266,0.9346593168374676
2024-12-12 03:00:00,0.9433333333333334,0.8530286719981433,0.9508333333333333,0.9458333333333333,0.9524999999999999,0.945,0.9603107972036284,0.9182627546439873,0.934728150574458
2024-12-12 04:00:00,0.9391666666666666,0.8530286719981433,0.9416666666666665,0.9466666666666667,0.9495833333333332,0.9299999999999998,0.9521064553159759,0.9126798171086646,0.9329282970770026
2024-12-12 05:00:00,0.93,0.8530286719981433,0.9341666666666667,0.9474999999999999,0.94375,0.9108333333333334,0.9432457475096251,0.9220165793789062,0.9307904825402047
2024-12-12 06:00:00,0.9291666666666667,0.8530286719981433,0.935,0.9500000000000001,0.9404166666666667,0.9216666666666669,0.939743475307628,0.9085585537289758,0.926724151351253
2024-12-12 07:00:00,0.9225,0.8530286719981433,0.9433333333333334,0.9499999999999998,0.9385416666666667,0.9358333333333334,0.9448372464698249,0.914253819900867,0.9275341278601853
2024-12-12 08:00:00,0.9483333333333333,0.8530286719981433,0.9391666666666666,0.9508333333333333,0.9379166666666666,0.9366666666666666,0.9381445833607587,0.9135307763379331,0.9270452191883515
2024-12-12 09:00:00,0.955,0.8530286719981433,0.93,0.9525,0.936875,0.9258333333333334,0.9309809011451715,0.9103331962830764,0.9232130972951997
2024-12-12 10:00:00,0.9558333333333332,0.8530286719981433,0.9291666666666667,0.9541666666666666,0.9354166666666667,0.9233333333333333,0.9282617165499274,0.9199694181049277,0.9205473378567894
2024-12-12 11:00:00,0.9616666666666666,0.8530286719981433,0.9225,0.9566666666666667,0.9302083333333333,0.9016666666666666,0.9191481667058575,0.9025673593947744,0.9163941481265391
2024-12-12 12:00:00,0.9608333333333333,0.8530286719981433,0.9483333333333333,0.9558333333333332,0.9325,0.9574999999999999,0.9461275610766332,0.9333243232673836,0.9205012493212893
2024-12-12 13:00:00,0.9591666666666666,0.8530286719981433,0.955,0.9541666666666666,0.93875,0.9799999999999999,0.9495352056937879,0.9204087720401017,0.9240476699832845
2024-12-12 14:00:00,0.9541666666666666,0.8530286719981433,0.9558333333333332,0.9583333333333334,0.9454166666666666,0.9824999999999997,0.9531925811249438,0.9173815194602795,0.927005815187902
2024-12-12 15:00:00,0.9633333333333333,0.8530286719981433,0.9616666666666666,0.9525,0.9552083333333332,1.000833333333333,0.9669098121526241,0.9186772544034495,0.9305913690741384
2024-12-12 16:00:00,0.9733333333333333,0.8530286719981433,0.9608333333333333,0.9508333333333333,0.9583333333333333,0.9733333333333334,0.9632803129172979,0.9183109000268165,0.9334086944847393
2024-12-12 20:00:00,0.9816666666666666,0.8530286719981433,0.9733333333333333,0.9533333333333333,0.9624999999999999,0.9858333333333332,0.9812513301183782,0.9141783652725554,0.9403544275403848
2024-12-17 17:00:00,1.1508333333333332,0.8530286719981433,1.1466666666666665,1.132,1.1422045454545453,1.1541666666666666,1.1504502722602254,1.1365625413642475,1.05938253221474
2024-12-17 18:00:00,1.155,0.8530286719981433,1.1508333333333332,1.132,1.1453295454545454,1.163333333333333,1.1524736422081707,1.1272266695440731,1.0607831807525645
2024-12-17 20:00:00,1.1624999999999999,0.8530286719981433,1.1566666666666665,1.13,1.1510416666666665,1.1715151515151514,1.1583707507481846,1.118411223248667,1.0641467547281662
2024-12-17 21:00:00,1.1666666666666667,0.8530286719981433,1.1508333333333332,1.13,1.1520833333333331,1.1549999999999998,1.1525356255389883,1.1178231524337454,1.0656080894681188
2024-12-17 22:00:00,1.1649999999999998,0.8530286719981433,1.155,1.1316666666666666,1.153125,1.159166666666667,1.1533507982579367,1.1178803371250412,1.0665211630079707
2024-12-17 23:00:00,1.1691666666666667,0.8530286719981433,1.1591666666666665,1.13,1.1554166666666665,1.168333333333333,1.1530192736095495,1.1166228358327543,1.0678240734589366
2024-12-19 01:00:00,1.1508333333333332,0.8530286719981433,1.1624999999999999,1.1624999999999999,1.1616287878787879,1.1674999999999998,1.1638433093924743,1.127885174164479,1.0632703935924253
2024-12-19 02:00:00,1.155,0.8530286719981433,1.1575,1.16,1.160378787878788,1.1525,1.1611202424898464,1.1242526812251195,1.0630132774376972
2024-12-19 03:00:00,1.1583333333333332,0.8530286719981433,1.1649999999999998,1.1658333333333333,1.1620833333333334,1.1718181818181816,1.167025247157066,1.123206241682965,1.0638094403185745
2024-12-19 04:00:00,1.1518181818181816,0.8530286719981433,1.1524999999999999,1.1658333333333333,1.1593749999999998,1.1416666666666664,1.1575542438338156,1.1253036241381618,1.0624507095543565
2024-12-19 05:00:00,1.1454545454545455,0.8530286719981433,1.1508333333333332,1.1683333333333332,1.1564583333333331,1.1391666666666664,1.1600550777458127,1.1296121443711562,1.0616000519512165
2024-12-19 06:00:00,1.1458333333333333,0.8530286719981433,1.155,1.1541666666666666,1.1558333333333333,1.1525,1.1549026859091656,1.1365379705977299,1.06100512024884
2024-12-19 07:00:00,1.1475,0.8530286719981433,1.1583333333333332,1.1541666666666666,1.1541666666666666,1.1516666666666666,1.15178181436501,1.1397654748313706,1.0606161239564025
2024-12-19 08:00:00,1.1475,0.8530286719981433,1.1518181818181816,1.1558333333333333,1.153996212121212,1.1511363636363634,1.1473416074947689,1.139724587567604,1.0590098148262832
2024-12-19 09:00:00,1.1427272727272726,0.8530286719981433,1.1454545454545455,1.1558333333333333,1.152651515151515,1.1400757575757579,1.1464741063020283,1.1451667526427465,1.0566390600045716
2024-12-19 10:00:00,1.1409090909090909,0.8530286719981433,1.1458333333333333,1.1590909090909092,1.1503598484848485,1.1366666666666665,1.1533384222048384,1.1519063812887147,1.054996054636085
2024-12-19 11:00:00,1.1424999999999998,0.8530286719981433,1.1475,1.1566666666666665,1.147651515151515,1.1366666666666667,1.1540005529992707,1.1515828405426143,1.0541622255722138
2024-12-19 12:00:00,1.1418181818181816,0.8530286719981433,1.1475,1.1583333333333332,1.1465719696969696,1.1431818181818183,1.1534097535804935,1.1453060777717639,1.053022104161054
2024-12-19 13:00:00,1.1458333333333333,0.8530286719981433,1.1427272727272726,1.1575,1.1458901515151516,1.1399999999999997,1.1520609313321732,1.1443332427711532,1.0511148697105785
2024-12-19 14:00:00,1.1491666666666667,0.8530286719981433,1.1409090909090909,1.1608333333333334,1.1446590909090908,1.1359848484848485,1.1532851747557582,1.1442230164118112,1.049633715768759
2024-12-19 15:00:00,1.1408333333333334,0.8530286719981433,1.1424999999999998,1.16,1.1434090909090908,1.1374999999999997,1.1504191239066448,1.1489242891651723,1.049063420659894
2024-12-19 16:00:00,1.139090909090909,0.8530286719981433,1.1418181818181816,1.16,1.1419886363636362,1.1361363636363633,1.1534010750238513,1.1463066015997243,1.0484490415677572
2024-12-19 17:00:00,1.1363636363636362,0.8530286719981433,1.1458333333333333,1.1575,1.1427651515151513,1.148939393939394,1.1552901802552973,1.1376338891927023,1.0484184559805365
2024-12-19 18:00:00,1.14,0.8530286719981433,1.1491666666666667,1.1624999999999999,1.1448295454545454,1.1574242424242425,1.1571722738827865,1.1452288332445117,1.0478079405011618
2024-12-19 19:00:00,1.137,0.8530286719981433,1.1408333333333334,1.158181818181818,1.1444128787878787,1.1391666666666669,1.1540103541012208,1.1399194961062948,1.0478899978165592
2024-12-19 20:00:00,1.136,0.8530286719981433,1.139090909090909,1.1633333333333333,1.1437310606060604,1.1363636363636362,1.151114069952229,1.1316131985882318,1.0450770937368807
2024-12-19 21:00:00,1.13625,0.8530286719981433,1.1363636363636362,1.1624999999999999,1.1413636363636364,1.1268939393939392,1.1460842116118015,1.1334458818359185,1.0436764290333125
2024-12-19 22:00:00,1.13,0.8530286719981433,1.14,1.1575,1.1390719696969696,1.1308333333333331,1.1489106963733258,1.1311035273972871,1.0437055597035936
2024-12-19 23:00:00,1.13,0.8530286719981433,1.137,1.1649999999999998,1.1381136363636364,1.1331666666666667,1.1454228905319483,1.1276093402707184,1.0438268189476436
2024-12-20 00:00:00,1.13,0.8530286719981433,1.136,1.1524999999999999,1.137340909090909,1.1329090909090909,1.1419033482214611,1.0836524564429424,1.0437687515960068
2024-12-20 01:00:00,1.13,0.8530286719981433,1.13625,1.1508333333333332,1.1373125,1.1361363636363637,1.137389311044149,1.0822161166455093,1.043515208070653
2024-12-20 02:00:00,1.13,0.8530286719981433,1.13,1.155,1.1348125,1.1199999999999999,1.1318312507342387,1.083213126242726,1.0434451295713918
2024-12-23 20:00:00,1.1633333333333333,0.8530286719981433,1.1416666666666666,1.137272727272727,1.141871212121212,1.1391666666666667,1.1451759569132833,1.1208953009221951,1.0296135252092966
2024-12-23 21:00:00,1.1624999999999999,0.8530286719981433,1.1491666666666667,1.1336363636363636,1.1437083333333333,1.1565151515151517,1.1557099054167221,1.1211623422319217,1.0307460972181142
2024-12-23 22:00:00,1.1683333333333332,0.8530286719981433,1.149090909090909,1.1381818181818182,1.1459810606060605,1.158181818181818,1.150925795011652,1.1225175983766853,1.0305722184780794
2024-12-23 23:00:00,1.1741666666666666,0.8530286719981433,1.1641666666666666,1.137,1.1510227272727271,1.1843333333333332,1.15666771908428,1.1150952531162965,1.0325878280748166
2024-12-24 00:00:00,1.1758333333333333,0.8530286719981433,1.1633333333333333,1.1358333333333333,1.1564393939393938,1.185,1.155367839250664,1.114986473332782,1.034877576354476
2024-12-24 01:00:00,1.1791666666666665,0.8530286719981433,1.1624999999999999,1.1375,1.1597727272727272,1.175833333333333,1.1610798561481859,1.1179733284989464,1.037095678057728
2024-12-24 02:00:00,1.1791666666666665,0.8530286719981433,1.1683333333333332,1.1391666666666664,1.1645833333333333,1.1875757575757575,1.1667023550802513,1.1187432709459648,1.0418572493891751
2024-12-24 03:00:00,1.175,0.8530286719981433,1.1741666666666666,1.1375,1.1670833333333333,1.1841666666666666,1.1670266081933205,1.1215266427534758,1.045684505393451
2024-12-24 04:00:00,1.1841666666666666,0.8530286719981433,1.1758333333333333,1.1383333333333332,1.1702083333333333,1.1883333333333332,1.1666025855376159,1.1171445377075073,1.0479552912556631
2024-12-24 05:00:00,1.1858333333333333,0.8530286719981433,1.1791666666666665,1.138,1.174375,1.195833333333333,1.1722921498301482,1.1190789328422814,1.0501069194205161
2024-12-24 06:00:00,1.1845454545454546,0.8530286719981433,1.1791666666666665,1.13,1.1770833333333333,1.1899999999999997,1.1717827967407637,1.1199253906602755,1.0512368564130985
2024-12-24 07:00:00,1.1872727272727273,0.8530286719981433,1.175,1.1327272727272726,1.1772916666666666,1.1758333333333335,1.1678195985183462,1.124224280026428,1.0516627429328287
2024-12-24 08:00:00,1.19,0.8530286719981433,1.1841666666666666,1.132,1.1793749999999998,1.1925,1.1723842313800925,1.129703800315164,1.0520479887727106
2024-12-24 09:00:00,1.1875,0.8530286719981433,1.1858333333333333,1.1377777777777776,1.1810416666666665,1.1925000000000001,1.1744494626637596,1.126947485805207,1.0525191878722397
2024-12-24 10:00:00,1.2033333333333334,0.8530286719981433,1.1845454545454546,1.1433333333333333,1.1823863636363636,1.1899242424242427,1.179731119259269,1.1264968247160998,1.0524378418495681
2024-12-24 11:00:00,1.1866666666666665,0.8530286719981433,1.1872727272727273,1.1472727272727272,1.1854545454545455,1.1995454545454545,1.1811976195020808,1.1289160614341505,1.0526010996959434
2024-12-24 12:00:00,1.183,0.8530286719981433,1.19,1.1441666666666666,1.1869128787878789,1.1958333333333333,1.182709466472454,1.1272754553923368,1.0523958755787304
2024-12-24 13:00:00,1.186,0.8530286719981433,1.1875,1.1418181818181816,1.1873295454545456,1.1891666666666667,1.180944636746516,1.1295947123119876,1.0521063147762477
2024-12-24 14:00:00,1.194,0.8530286719981433,1.2033333333333334,1.14,1.1920265151515153,1.2221212121212122,1.1925607618301004,1.1406790168219694,1.0531275371419488
2024-12-24 15:00:00,1.1949999999999998,0.8530286719981433,1.1866666666666665,1.144,1.191875,1.1860606060606058,1.177001177625654,1.1142422036660886,1.0520121493187633
2024-12-24 16:00:00,1.194,0.8530286719981433,1.183,1.1416666666666666,1.190125,1.1760000000000002,1.184817392255248,1.1440133079063948,1.051030662351259
2024-12-24 17:00:00,1.184,0.8530286719981433,1.186,1.1491666666666667,1.18975,1.1844999999999999,1.1909635533301954,1.1305041333610568,1.0515019099480196
2024-12-24 18:00:00,1.19125,0.8530286719981433,1.194,1.149090909090909,1.1874166666666666,1.1846666666666665,1.1628494922450043,1.1360940891374296,1.0622759255326704
2024-12-24 19:00:00,1.188,0.8530286719981433,1.1949999999999998,1.1641666666666666,1.1895,1.2033333333333331,1.2104156505754564,1.126886280288466,1.0537752984949793
2024-12-24 20:00:00,1.201,0.8530286719981433,1.194,1.1633333333333333,1.19225,1.2049999999999998,1.2061652781842216,1.1198875715675989,1.0524594392832505
2024-12-24 21:00:00,1.192,0.8530286719981433,1.184,1.1624999999999999,1.1917499999999999,1.182,1.1821257440709751,1.1171503428981526,1.0513610416567716
2024-12-24 22:00:00,1.19625,0.8530286719981433,1.19125,1.1683333333333332,1.1910625,1.1885,1.189814580774397,1.1257949002087502,1.0510296115779136
2024-12-24 23:00:00,1.198,0.8530286719981433,1.188,1.1741666666666666,1.1893125,1.181,1.1867374079507578,1.1223997746375038,1.0503680123482124
2024-12-25 00:00:00,1.19,0.8530286719981433,1.201,1.1758333333333333,1.1910625,1.2080000000000002,1.1982405474894096,1.122453720928641,1.0519118732101322
2024-12-25 01:00:00,1.1916666666666667,0.8530286719981433,1.192,1.1791666666666665,1.1930625,1.2,1.1913840442669772,1.1241435529184265,1.053093540582792
2024-12-25 02:00:00,1.215,0.8530286719981433,1.19625,1.1791666666666665,1.1943125,1.2012500000000002,1.196722183003614,1.1240283166532734,1.0546205082424676
2024-12-25 03:00:00,1.2129999999999999,0.8530286719981433,1.198,1.175,1.1968125,1.208,1.193127843050702,1.115716933790491,1.0561475243993745
2024-12-25 04:00:00,1.2145454545454546,0.8530286719981433,1.19,1.1841666666666666,1.1940624999999998,1.1789999999999998,1.179097797134041,1.1116382156987699,1.0565126762197452
2024-12-25 05:00:00,1.216,0.8530286719981433,1.1916666666666667,1.1858333333333333,1.1939791666666666,1.1913333333333334,1.1825312186556172,1.115651287520757,1.0570310146281199
2024-12-25 06:00:00,1.2175,0.8530286719981433,1.215,1.1845454545454546,1.1986666666666665,1.2337500000000001,1.1921049787917841,1.120193088073263,1.059202316503146
2024-12-25 07:00:00,1.2133333333333332,0.8530286719981433,1.2129999999999999,1.1872727272727273,1.2024166666666667,1.2279999999999998,1.190002655239775,1.1232024432789847,1.060838774745404
2024-12-25 08:00:00,1.2208333333333334,0.8530286719981433,1.2145454545454546,1.19,1.2085530303030303,1.2390909090909092,1.2012407712906892,1.1406868322006356,1.062365289764254
2024-12-25 09:00:00,1.2291666666666667,0.8530286719981433,1.216,1.1875,1.2146363636363637,1.2403333333333333,1.2086474572347041,1.1451003106182367,1.0635275582443846
2024-12-25 10:00:00,1.2216666666666667,0.8530286719981433,1.2175,1.2033333333333334,1.2152613636363636,1.22,1.2076353950333776,1.1458082990830312,1.065364843521549
2024-12-25 11:00:00,1.2283333333333333,0.8530286719981433,1.2133333333333332,1.1866666666666665,1.2153446969696968,1.2136666666666664,1.205561010717769,1.1377151519993092,1.0670632488939495
2024-12-25 12:00:00,1.229090909090909,0.8530286719981433,1.2208333333333334,1.183,1.2169166666666666,1.2271212121212123,1.2178188597920496,1.1826930209244761,1.0679673666117506
2024-12-25 13:00:00,1.2341666666666666,0.8530286719981433,1.2291666666666667,1.186,1.2202083333333333,1.2423333333333335,1.2171315684341992,1.1094647509602775,1.069423576810927
2024-12-25 14:00:00,1.2308333333333332,0.8530286719981433,1.2216666666666667,1.194,1.22125,1.2258333333333333,1.2147767366157463,1.1975909585994657,1.0706590114473795
2024-12-25 15:00:00,1.235,0.8530286719981433,1.2283333333333333,1.1949999999999998,1.225,1.2433333333333334,1.2286380750140653,1.184918686962732,1.0713343677250324
2024-12-25 16:00:00,1.2383333333333333,0.8530286719981433,1.229090909090909,1.194,1.227064393939394,1.2373484848484846,1.2265052597485488,1.20016158058795,1.071615780992653
2024-12-25 17:00:00,1.2225,0.8530286719981433,1.2341666666666666,1.184,1.228314393939394,1.2391666666666665,1.2265144685952043,1.2076635288568038,1.072798854785021
2024-12-25 18:00:00,1.235,0.8530286719981433,1.2308333333333332,1.19125,1.2306060606060605,1.2399999999999998,1.2379207074714143,1.199331890991029,1.0734495098061871
2024-12-25 19:00:00,1.2333333333333334,0.8530286719981433,1.235,1.188,1.2322727272727272,1.241666666666667,1.2338219532645336,1.2117351825723117,1.074518922254079
2024-12-25 20:00:00,1.2416666666666667,0.8530286719981433,1.2383333333333333,1.201,1.2345833333333334,1.2475757575757576,1.2309984614034248,1.1934135818066505,1.0761654194232209
2024-12-25 21:00:00,1.2458333333333333,0.8530286719981433,1.2225,1.192,1.2316666666666665,1.2108333333333332,1.2253497682136243,1.189919593705491,1.0746708479140685
2024-12-25 22:00:00,1.2416666666666667,0.8530286719981433,1.235,1.19625,1.2327083333333333,1.239166666666667,1.2383446459488427,1.1937388410660352,1.0755968863804273
2024-12-25 23:00:00,1.2441666666666666,0.8530286719981433,1.2333333333333334,1.198,1.2322916666666666,1.2316666666666667,1.229410369741492,1.1851053710940933,1.0767002307245013
2024-12-26 00:00:00,1.2449999999999999,0.8530286719981433,1.2416666666666667,1.19,1.233125,1.245,1.2362446949035122,1.193183009242173,1.0784712364521916
2024-12-26 01:00:00,1.2466666666666668,0.8530286719981433,1.2458333333333333,1.1916666666666667,1.2389583333333334,1.2691666666666668,1.2376118216049754,1.141826493316194,1.0804979195834141
2024-12-26 02:00:00,1.2475,0.8530286719981433,1.2416666666666667,1.215,1.240625,1.2483333333333333,1.2373286827805021,1.2009097856369029,1.080440013889215
2024-12-26 03:00:00,1.2483333333333333,0.8530286719981433,1.2441666666666666,1.2129999999999999,1.2433333333333332,1.255,1.2374147822268713,1.2094955049187202,1.0813579694836868
2024-12-26 04:00:00,1.2583333333333333,0.8530286719981433,1.2449999999999999,1.2145454545454546,1.2441666666666666,1.248333333333333,1.2339981257126653,1.2118394276315323,1.082673311391615
2024-12-26 05:00:00,1.2518181818181817,0.8530286719981433,1.2466666666666668,1.216,1.244375,1.2475000000000003,1.2314457092640732,1.221437909342022,1.0838148068909959
2024-12-27 13:00:00,1.2877777777777777,0.8530286719981433,1.2858333333333334,1.2671428571428573,1.2830808080808083,1.2888095238095238,1.2805313904498543,1.2212848867483297,1.1037827012693486
2024-12-27 14:00:00,1.2877777777777777,0.8530286719981433,1.2833333333333334,1.2663636363636364,1.2836363636363637,1.2855555555555556,1.2814049402387653,1.2221361204786088,1.1039029582372846
2024-12-27 15:00:00,1.279090909090909,0.8530286719981433,1.2827272727272727,1.2558333333333334,1.2841098484848485,1.284621212121212,1.282624812553548,1.2099877438470266,1.1035858671731544
2024-12-27 16:00:00,1.29,0.8530286719981433,1.2890000000000001,1.258181818181818,1.285223484848485,1.2934545454545456,1.2829890235316723,1.220463750324598,1.1036776239348167
2024-12-27 17:00:00,1.2888888888888888,0.8530286719981433,1.2877777777777777,1.2650000000000001,1.2857095959595959,1.289722222222222,1.2789625183004287,1.2219389726949734,1.103976948846539
2024-12-27 18:00:00,1.288181818181818,0.8530286719981433,1.2877777777777777,1.2783333333333333,1.286820707070707,1.292222222222222,1.2909818936842454,1.2133253354502251,1.1044129066246404
2024-12-27 19:00:00,1.2850000000000001,0.8530286719981433,1.279090909090909,1.2708333333333333,1.2859116161616162,1.2754545454545454,1.2846601313640407,1.2110110385888264,1.1045542275567142
2024-12-27 20:00:00,1.2877777777777777,0.8530286719981433,1.29,1.2816666666666667,1.286161616161616,1.291,1.2901499377160426,1.192896387576238,1.1051981576284702
2024-12-27 21:00:00,1.291,0.8530286719981433,1.2888888888888888,1.2766666666666666,1.2864393939393939,1.2899999999999998,1.2833564621083844,1.1921043888023914,1.105508038770877
2024-12-27 22:00:00,1.2866666666666668,0.8530286719981433,1.288181818181818,1.2808333333333335,1.286540404040404,1.2885858585858585,1.285502161347818,1.188446177420638,1.1059203299000933
2024-12-27 23:00:00,1.2883333333333333,0.8530286719981433,1.2850000000000001,1.28375,1.2880176767676768,1.2909090909090912,1.2842049804231737,1.2012871738718454,1.1061221430453698
2024-12-28 00:00:00,1.2900000000000003,0.8530286719981433,1.2877777777777777,1.285,1.2874621212121211,1.2855555555555553,1.2879788954358316,1.2029013289340809,1.1060697822012853
2024-12-28 01:00:00,1.2866666666666668,0.8530286719981433,1.291,1.2844444444444445,1.287989898989899,1.293111111111111,1.2846245988904106,1.2010082636535886,1.106383898768561
2024-12-28 02:00:00,1.298,0.8530286719981433,1.2866666666666668,1.2818181818181817,1.287611111111111,1.2851515151515156,1.2822660920606765,1.2010664787453638,1.106116679023974
2024-12-28 03:00:00,1.28125,0.8530286719981433,1.2883333333333333,1.2841666666666667,1.2884444444444445,1.2916666666666665,1.2946916788934864,1.200216264879742,1.1071285899212613
2024-12-28 04:00:00,1.288,0.8530286719981433,1.2900000000000003,1.2816666666666667,1.2890000000000001,1.2922222222222228,1.2890672646323766,1.195235259618834,1.1077667164910023
2024-12-28 05:00:00,1.2900000000000003,0.8530286719981433,1.2866666666666668,1.282857142857143,1.2879166666666668,1.2823333333333338,1.2812380355889115,1.2048170160379503,1.107137206262693
2024-12-28 06:00:00,1.2885714285714285,0.8530286719981433,1.298,1.2811111111111113,1.29075,1.3093333333333332,1.283290609914482,1.2023148016780068,1.107983693103939
2024-12-28 07:00:00,1.28,0.8530286719981433,1.28125,1.2808333333333335,1.2889791666666668,1.2741666666666667,1.2763527602246558,1.2175235188134244,1.1063564493356324
2024-12-28 08:00:00,1.29,0.8530286719981433,1.288,1.2845454545454547,1.2884791666666668,1.2859999999999998,1.2803253762047997,1.2181881219306592,1.106434788529962
2024-12-28 09:00:00,1.2975,0.8530286719981433,1.2900000000000003,1.2858333333333334,1.2893125,1.2933333333333337,1.2841958396996471,1.2110301728221151,1.1062596488619127
2024-12-28 10:00:00,1.2845454545454547,0.8530286719981433,1.2885714285714285,1.2833333333333334,1.2869553571428571,1.279142857142857,1.2817564270406379,1.2186086839268733,1.1056195177399437
2024-12-28 11:00:00,1.3,0.8530286719981433,1.28,1.2827272727272727,1.2866428571428572,1.27875,1.2819502622291237,1.2196622512572686,1.1055091057099662
2024-12-28 12:00:00,1.284,0.8530286719981433,1.29,1.2890000000000001,1.2871428571428571,1.292,1.2862137775241318,1.2206345798419544,1.1060125554683249
2024-12-28 13:00:00,1.286,0.8530286719981433,1.2975,1.2877777777777777,1.2890178571428572,1.305,1.2823351578725837,1.1912044227524412,1.1070189700127289
2024-12-28 14:00:00,1.2870000000000001,0.8530286719981433,1.2845454545454547,1.2877777777777777,1.2880113636363637,1.2805194805194808,1.275894134710745,1.2043951330363944,1.1053817196490257
2024-12-28 15:00:00,1.292857142857143,0.8530286719981433,1.3,1.279090909090909,1.2930113636363636,1.32,1.2973537485953157,1.2017181643839456,1.1066252371573655
2024-12-28 16:00:00,1.2875,0.8530286719981433,1.284,1.29,1.2915113636363638,1.278,1.2836362814416455,1.2013392925402087,1.105733373073345
2024-12-28 17:00:00,1.2957142857142858,0.8530286719981433,1.286,1.2888888888888888,1.2886363636363636,1.2745,1.2878482104928404,1.1991658836590326,1.1055969018644036
2024-12-28 18:00:00,1.301111111111111,0.8530286719981433,1.2870000000000001,1.288181818181818,1.28925,1.2894545454545456,1.2876721640342337,1.1864879875516385,1.105538398037685
2024-12-28 19:00:00,1.2985714285714285,0.8530286719981433,1.292857142857143,1.2850000000000001,1.2874642857142857,1.2857142857142858,1.29197578550216,1.1891498411830577,1.1062448410406156
2024-12-28 20:00:00,1.288,0.8530286719981433,1.2875,1.2877777777777777,1.288339285714286,1.2910000000000001,1.2913139110949745,1.1821237818123116,1.1067329656738765
2024-12-28 21:00:00,1.2914285714285716,0.8530286719981433,1.2957142857142858,1.291,1.2907678571428571,1.3054285714285716,1.297860778795743,1.1786349975568875,1.1083913284989484
2024-12-28 22:00:00,1.2883333333333333,0.8530286719981433,1.301111111111111,1.2866666666666668,1.294295634920635,1.315222222222222,1.2966521693742972,1.188077011294426,1.109472574271283
2024-12-28 23:00:00,1.295,0.8530286719981433,1.2985714285714285,1.2883333333333333,1.2957242063492065,1.304285714285714,1.294657360777804,1.0904203805911776,1.1102094573697405
2024-12-29 00:00:00,1.284,0.8530286719981433,1.288,1.2900000000000003,1.2958492063492062,1.2885,1.2881913011904353,1.1797698331923108,1.1101534915647941
2024-12-29 01:00:00,1.2914285714285716,0.8530286719981433,1.2914285714285716,1.2866666666666668,1.2947777777777778,1.2871428571428574,1.2936833378833252,1.184525288558647,1.110102682632112
2024-12-29 02:00:00,1.2885714285714285,0.8530286719981433,1.2883333333333333,1.298,1.2915833333333335,1.2755555555555556,1.2893619599437878,1.1834283994386503,1.1099947116294446
2024-12-29 03:00:00,1.29,0.8530286719981433,1.295,1.28125,1.290690476190476,1.2914285714285714,1.2886441695778685,1.1824277547200561,1.1101222270163351
2024-12-29 04:00:00,1.2871428571428571,0.8530286719981433,1.284,1.288,1.2896904761904762,1.28,1.2835988124897462,1.1784431072094823,1.1096972942754875
2024-12-29 05:00:00,1.2875,0.8530286719981433,1.2914285714285716,1.2900000000000003,1.2896904761904762,1.2914285714285716,1.287918235052863,1.1809059255686538,1.1094991830855352
2024-12-29 06:00:00,1.288181818181818,0.8530286719981433,1.2885714285714285,1.2885714285714285,1.28975,1.2888095238095236,1.2841678563972219,1.1844728507621616,1.1088407846731014
2024-12-29 07:00:00,1.2933333333333334,0.8530286719981433,1.29,1.28,1.2885,1.2850000000000001,1.2829187485311229,1.197841308538517,1.108319989071673
2024-12-29 08:00:00,1.2911111111111113,0.8530286719981433,1.2871428571428571,1.29,1.2892857142857144,1.2902857142857143,1.283045505711954,1.1994143406131486,1.1076174581787357
2024-12-29 09:00:00,1.3116666666666668,0.8530286719981433,1.2875,1.2975,1.2883035714285715,1.2835714285714286,1.2844657500936585,1.2030241939864088,1.1070487796442483
2024-12-29 10:00:00,1.2914285714285716,0.8530286719981433,1.288181818181818,1.2845454545454547,1.2882061688311688,1.2877922077922077,1.2864290437331625,1.1994151712641634,1.1063435490721005
2024-12-29 11:00:00,1.302,0.8530286719981433,1.2933333333333334,1.3,1.2890395021645022,1.2966666666666669,1.289626656877593,1.204649228243941,1.1071746946225052
2024-12-29 12:00:00,1.31,0.8530286719981433,1.2911111111111113,1.284,1.2900315656565657,1.2950793650793655,1.2907133944875326,1.200885356292323,1.1074326513959094
2024-12-29 13:00:00,1.3133333333333335,0.8530286719981433,1.3116666666666668,1.286,1.2960732323232325,1.3358333333333334,1.3073066344800481,1.1163004413086524,1.1091414675073006
2024-12-29 14:00:00,1.3116666666666668,0.8530286719981433,1.2914285714285716,1.2870000000000001,1.2968849206349207,1.294675324675325,1.2892882831328742,1.1930789077424446,1.1093185308988591
2024-12-29 15:00:00,1.3136363636363637,0.8530286719981433,1.302,1.292857142857143,1.2990515873015873,1.3106666666666666,1.3016299654253634,1.20487094323508,1.1102574857944933
2024-12-29 16:00:00,1.3181818181818181,0.8530286719981433,1.31,1.2875,1.3037738095238096,1.3288888888888888,1.3059326488717091,1.2034286926911177,1.1121530647437075
2024-12-29 17:00:00,1.3166666666666667,0.8530286719981433,1.3133333333333335,1.2957142857142858,1.3041904761904763,1.3150000000000002,1.3044413284555914,1.2094371105589063,1.1135578355461944
2024-12-29 18:00:00,1.3225,0.8530286719981433,1.3116666666666668,1.301111111111111,1.30925,1.331904761904762,1.30949486244894,1.2056950707344607,1.11504055756516
2024-12-29 19:00:00,1.317,0.8530286719981433,1.3136363636363637,1.2985714285714285,1.312159090909091,1.3252727272727274,1.3172654078721178,1.199268542685995,1.1173149807197216
2024-12-29 20:00:00,1.3227272727272728,0.8530286719981433,1.3181818181818181,1.288,1.3142045454545455,1.3263636363636362,1.315217219336516,1.1951001795647005,1.1184761014320443
2024-12-29 21:00:00,1.3236363636363637,0.8530286719981433,1.3166666666666667,1.2914285714285716,1.3150378787878787,1.3199999999999998,1.3175464591247432,1.194370506379424,1.120058824741997
2024-12-29 22:00:00,1.3225,0.8530286719981433,1.3225,1.2883333333333333,1.3177462121212122,1.3333333333333333,1.324538990681022,1.184753826479131,1.1221681309896492
2024-12-29 23:00:00,1.32375,0.8530286719981433,1.317,1.295,1.3185871212121212,1.3203636363636362,1.3214654680631976,1.1958332783147525,1.1227158910516928
2024-12-30 00:00:00,1.3163636363636364,0.8530286719981433,1.3227272727272728,1.284,1.3197234848484847,1.3272727272727274,1.3217206233053922,1.1880531750111423,1.1243629540218665
2024-12-30 01:00:00,1.317777777777778,0.8530286719981433,1.3236363636363637,1.2914285714285716,1.321465909090909,1.3306060606060608,1.3206524993902424,1.189150112732779,1.1249556225201147
2024-12-30 02:00:00,1.3258333333333334,0.8530286719981433,1.3225,1.2885714285714285,1.321465909090909,1.3225,1.3224292582399348,1.212782553918166,1.1258249838888015
2024-12-30 03:00:00,1.3166666666666667,0.8530286719981433,1.32375,1.29,1.3231534090909092,1.3305,1.3192244879229968,1.2072774646575106,1.1261400865664473
2024-12-30 04:00:00,1.3125,0.8530286719981433,1.3163636363636364,1.2871428571428571,1.3215625,1.31,1.3126823238939012,1.2018934642355703,1.1257074589315634
2024-12-30 05:00:00,1.3172727272727274,0.8530286719981433,1.317777777777778,1.2875,1.3200978535353536,1.3119191919191922,1.3119616941632108,1.2183429568806963,1.1252735057056897
2024-12-30 06:00:00,1.3155555555555556,0.8530286719981433,1.3258333333333334,1.288181818181818,1.320931186868687,1.3291666666666668,1.311326970842428,1.2143620093782816,1.126308404290624
2024-12-30 07:00:00,1.3110000000000002,0.8530286719981433,1.3166666666666667,1.2933333333333334,1.3191603535353535,1.3095833333333333,1.30168826819684,1.1931889782827239,1.1254982095441506
2024-12-30 08:00:00,1.3283333333333334,0.8530286719981433,1.3125,1.2911111111111113,1.3181944444444444,1.3086363636363636,1.302788955084278,1.210062411616094,1.124524126487295
2024-12-30 09:00:00,1.3433333333333335,0.8530286719981433,1.3172727272727274,1.3116666666666668,1.3180681818181819,1.3167676767676768,1.3073641761970907,1.2062482788991027,1.1244654771688825
2024-12-30 10:00:00,1.344166666666667,0.8530286719981433,1.3155555555555556,1.2914285714285716,1.3154987373737375,1.3052777777777778,1.3012155814385937,1.2111025903562187,1.1238271889417035
2024-12-30 11:00:00,1.3575000000000002,0.8530286719981433,1.3110000000000002,1.302,1.3140820707070708,1.3053333333333337,1.2996724203886285,1.2156882637316395,1.1224523570966864
2024-12-30 12:00:00,1.3608333333333336,0.8530286719981433,1.3283333333333334,1.31,1.3180404040404041,1.3441666666666667,1.3124902947684118,1.2055873737537421,1.1231023816538452
2024-12-30 13:00:00,1.3475000000000001,0.8530286719981433,1.3433333333333335,1.3133333333333335,1.3245555555555557,1.3693939393939396,1.3171724802125657,1.2162084292226991,1.1247063790826048
2024-12-30 14:00:00,1.3616666666666666,0.8530286719981433,1.344166666666667,1.3116666666666668,1.3317083333333335,1.3727777777777783,1.324142691496012,1.2094088842263766,1.1267543201668904
2024-12-30 15:00:00,1.3691666666666666,0.8530286719981433,1.3575000000000002,1.3136363636363637,1.3433333333333335,1.4040000000000001,1.3412476912626574,1.1995162109513124,1.1305232986648601
2024-12-30 16:00:00,1.3641666666666667,0.8530286719981433,1.3608333333333336,1.3181818181818181,1.3514583333333334,1.3933333333333338,1.3460643102323777,1.201482779633519,1.1346690359872307
2024-12-30 17:00:00,1.3683333333333334,0.8530286719981433,1.3475000000000001,1.3166666666666667,1.3525000000000003,1.3516666666666668,1.3423512925070842,1.1918615119014284,1.1367468190345233
2024-12-30 18:00:00,1.3625,0.8530286719981433,1.3616666666666666,1.3225,1.356875,1.3791666666666662,1.365820060402727,1.2064405857875806,1.1395807709125958
2024-12-30 19:00:00,1.3691666666666666,0.8530286719981433,1.3691666666666666,1.317,1.3597916666666667,1.3808333333333331,1.3585575222826316,1.1882597787167553,1.1434465822157729
2024-12-30 20:00:00,1.3783333333333332,0.8530286719981433,1.3641666666666667,1.3227272727272728,1.360625,1.3675,1.3495209726186461,1.1762624350258852,1.14590028346879
2024-12-30 21:00:00,1.3708333333333333,0.8530286719981433,1.3683333333333334,1.3236363636363637,1.3658333333333332,1.3891666666666667,1.353446261840434,1.2083138701544176,1.1476077093262165
2024-12-30 22:00:00,1.3775000000000002,0.8530286719981433,1.3625,1.3225,1.3660416666666668,1.3633333333333335,1.3474970678448424,1.195636685776492,1.1486900382033838
2024-12-30 23:00:00,1.3766666666666667,0.8530286719981433,1.3691666666666666,1.32375,1.3660416666666668,1.3691666666666666,1.350272070453498,1.1675829846592916,1.1496921203284565
2024-12-31 00:00:00,1.3566666666666667,0.8530286719981433,1.3783333333333332,1.3163636363636364,1.3695833333333334,1.3924999999999996,1.3589188335109927,1.16795043679722,1.1511736784138704
2024-12-31 01:00:00,1.3608333333333336,0.8530286719981433,1.3708333333333333,1.317777777777778,1.3702083333333333,1.3733333333333333,1.3581384646993504,1.2113830059327606,1.1524054757579738
2024-12-31 02:00:00,1.3625,0.8530286719981433,1.3775000000000002,1.3258333333333334,1.3739583333333334,1.3925000000000003,1.3641475882138931,1.2054986288774034,1.1538160662282193
2024-12-31 03:00:00,1.3633333333333333,0.8530286719981433,1.3766666666666667,1.3166666666666667,1.3758333333333332,1.3841666666666668,1.3577349032739559,1.2048544142244508,1.1544406135731902
2024-12-31 04:00:00,1.3683333333333334,0.8530286719981433,1.3566666666666667,1.3125,1.3704166666666668,1.3350000000000002,1.3470243704235507,1.200652005432517,1.153087411493343
2024-12-31 05:00:00,1.3650000000000002,0.8530286719981433,1.3608333333333336,1.3172727272727274,1.3679166666666667,1.3508333333333338,1.3533246101063172,1.2027461863076367,1.1524931910836924
2024-12-31 06:00:00,1.3650000000000002,0.8530286719981433,1.3625,1.3155555555555556,1.3641666666666667,1.3475,1.355057421682503,1.2073599398609804,1.1519595922131949
2024-12-31 07:00:00,1.3683333333333334,0.8530286719981433,1.3633333333333333,1.3110000000000002,1.3608333333333333,1.3499999999999999,1.3473216391716543,1.2170201325187806,1.1511502057539102
2024-12-31 08:00:00,1.366666666666667,0.8530286719981433,1.3683333333333334,1.3283333333333334,1.36375,1.3800000000000001,1.3535059886180247,1.201360727639261,1.1508562155376336
2024-12-31 09:00:00,1.3641666666666667,0.8530286719981433,1.3650000000000002,1.3433333333333335,1.3647916666666668,1.3691666666666669,1.3543594444552303,1.2227698306692445,1.1500730175832632
2024-12-31 10:00:00,1.3575,0.8530286719981433,1.3650000000000002,1.344166666666667,1.365416666666667,1.3675000000000004,1.3515683363252615,1.220818563393679,1.1491522168178872
2024-12-31 11:00:00,1.366666666666667,0.8530286719981433,1.3683333333333334,1.3575000000000002,1.366666666666667,1.3733333333333335,1.3563055887560553,1.2212518568615605,1.1484618748957554
2024-12-31 12:00:00,1.3708333333333333,0.8530286719981433,1.366666666666667,1.3608333333333336,1.3662500000000002,1.3650000000000004,1.3562702438381784,1.1948824396521138,1.1476532320606845
2024-12-31 13:00:00,1.3625,0.8530286719981433,1.3641666666666667,1.3475000000000001,1.3660416666666668,1.3633333333333333,1.3612098197841407,1.2401922458303722,1.1471442051207237
2024-12-31 14:00:00,1.365,0.8530286719981433,1.3575,1.3616666666666666,1.3641666666666667,1.3499999999999996,1.3571739676399992,1.2522183195721448,1.145967920940741
2024-12-31 15:00:00,1.3724999999999998,0.8530286719981433,1.366666666666667,1.3691666666666666,1.36375,1.3650000000000004,1.3662485123524015,1.2402213232722623,1.1460360757164927
2024-12-31 16:00:00,1.3724999999999998,0.8530286719981433,1.3708333333333333,1.3641666666666667,1.3647916666666666,1.3749999999999998,1.3698217548315206,1.2591979941280622,1.146162103854956
2024-12-31 17:00:00,1.3675,0.8530286719981433,1.3625,1.3683333333333334,1.364375,1.3608333333333333,1.3621175009363697,1.195702103272329,1.1456511370257425
2024-12-31 18:00:00,1.3691666666666666,0.8530286719981433,1.365,1.3625,1.36625,1.3725,1.369447117284055,1.2435607485608715,1.1457079434493649
2024-12-31 19:00:00,1.37,0.8530286719981433,1.3724999999999998,1.3691666666666666,1.3677083333333333,1.3783333333333327,1.3699148843964912,1.2494163777650211,1.1469711346678775
